[{
	"id": 0,
	"name": "Tacos",
	"score": 300,
	"teamhistory": [{
		"imageurl": "img/ic_play_arrow.png",
		"title": "Day 1 Challenge",
		"response": "Your team uploaded a video"
	}, {
		"imageurl": "img/star.png",
		"title": "Day 1 Challenge",
		"response": "Your team was awarded 200 points"
	}, {
		"imageurl": "img/ic_play_arrow.png",
		"title": "Day 2 Challenge",
		"response": "Your team uploaded a video"
	}, {
		"imageurl": "img/ic_play_arrow.png",
		"title": "Day 3 Challenge",
		"response": "Your team uploaded a video"
	}, {
		"imageurl": "img/star.png",
		"title": "Day 3 Challenge",
		"response": "Your team was awarded 100 points"
	}]
}, {
	"id": 1,
	"name": "LadyLifts",
	"score": 350,
	"teamhistory": [{
		"imageurl": "img/ic_play_arrow.png",
		"title": "Day 1 Challenge",
		"response": "Your team uploaded a video"
	}, {
		"imageurl": "img/star.png",
		"title": "Day 1 Challenge",
		"response": "Your team was awarded 200 points"
	}, {
		"imageurl": "img/ic_play_arrow.png",
		"title": "Day 2 Challenge",
		"response": "Your team uploaded a video"
	}, {
		"imageurl": "img/star.png",
		"title": "Day 2 Challenge",
		"response": "Your team was awarded 50 points"
	}, {
		"imageurl": "img/ic_play_arrow.png",
		"title": "Day 3 Challenge",
		"response": "Your team uploaded a video"
	}, {
		"imageurl": "img/star.png",
		"title": "Day 3 Challenge",
		"response": "Your team was awarded 100 points"
	}]
}, {
	"id": 2,
	"name": "E-Board",
	"score": 200,
	"teamhistory": [{
		"imageurl": "img/ic_play_arrow.png",
		"title": "Day 1 Challenge",
		"response": "Your team uploaded a video"
	}, {
		"imageurl": "img/star.png",
		"title": "Day 1 Challenge",
		"response": "Your team was awarded 200 points"
	}, {
		"imageurl": "img/ic_play_arrow.png",
		"title": "Day 2 Challenge",
		"response": "Your team uploaded a video"
	}]
}, {
	"id": 3,
	"name": "Burritos",
	"score": 250,
	"teamhistory": [{
		"imageurl": "img/ic_play_arrow.png",
		"title": "Day 1 Challenge",
		"response": "Your team uploaded a video"
	}, {
		"imageurl": "img/star.png",
		"title": "Day 1 Challenge",
		"response": "Your team was awarded 200 points"
	}, {
		"imageurl": "img/ic_play_arrow.png",
		"title": "Day 2 Challenge",
		"response": "Your team uploaded a video"
	}, {
		"imageurl": "img/star.png",
		"title": "Day 2 Challenge",
		"response": "Your team was awarded 50 points"
	}]
}]