[{
	"id": 0,
	"name": "Meatheads",
	"score": 500,
	"teamhistory": [{
		"imageurl": "img/ic_play_arrow.png",
		"title": "Day 1 Challenge",
		"response": "Your team uploaded a video"
	}, {
		"imageurl": "img/star.png",
		"title": "Day 1 Challenge",
		"response": "Your team was awarded 200 points"
	}, {
		"imageurl": "img/ic_play_arrow.png",
		"title": "Day 2 Challenge",
		"response": "Your team uploaded a video"
	}, {
		"imageurl": "img/ic_play_arrow.png",
		"title": "Day 3 Challenge",
		"response": "Your team uploaded a video"
	}, {
		"imageurl": "img/star.png",
		"title": "Day 3 Challenge",
		"response": "Your team was awarded 100 points"
	}, {
		"imageurl": "img/ic_play_arrow.png",
		"title": "Day 4 Challenge",
		"response": "Your team uploaded a video"
	}, {
		"imageurl": "img/star.png",
		"title": "Day 4 Challenge",
		"response": "Your team was awarded 100 points"
	}, {
		"imageurl": "img/ic_play_arrow.png",
		"title": "Day 5 Challenge",
		"response": "Your team uploaded a video"
	}, {
		"imageurl": "img/star.png",
		"title": "Day 5 Challenge",
		"response": "Your team was awarded 100 points"
	}]
}, {
	"id": 1,
	"name": "Forwards",
	"score": 450,
	"teamhistory": [{
		"imageurl": "img/ic_play_arrow.png",
		"title": "Day 1 Challenge",
		"response": "Your team uploaded a video"
	}, {
		"imageurl": "img/star.png",
		"title": "Day 1 Challenge",
		"response": "Your team was awarded 200 points"
	}, {
		"imageurl": "img/ic_play_arrow.png",
		"title": "Day 2 Challenge",
		"response": "Your team uploaded a video"
	}, {
		"imageurl": "img/star.png",
		"title": "Day 2 Challenge",
		"response": "Your team was awarded 50 points"
	}, {
		"imageurl": "img/ic_play_arrow.png",
		"title": "Day 3 Challenge",
		"response": "Your team uploaded a video"
	}, {
		"imageurl": "img/star.png",
		"title": "Day 3 Challenge",
		"response": "Your team was awarded 100 points"
	}, {
		"imageurl": "img/ic_play_arrow.png",
		"title": "Day 5 Challenge",
		"response": "Your team uploaded a video"
	}, {
		"imageurl": "img/star.png",
		"title": "Day 5 Challenge",
		"response": "Your team was awarded 100 points"
	}]
}, {
	"id": 2,
	"name": "Backs",
	"score": 200,
	"teamhistory": [{
		"imageurl": "img/ic_play_arrow.png",
		"title": "Day 1 Challenge",
		"response": "Your team uploaded a video"
	}, {
		"imageurl": "img/star.png",
		"title": "Day 1 Challenge",
		"response": "Your team was awarded 200 points"
	}, {
		"imageurl": "img/ic_play_arrow.png",
		"title": "Day 2 Challenge",
		"response": "Your team uploaded a video"
	}, {
		"imageurl": "img/ic_play_arrow.png",
		"title": "Day 3 Challenge",
		"response": "Your team uploaded a video"
	}, {
		"imageurl": "img/ic_play_arrow.png",
		"title": "Day 4 Challenge",
		"response": "Your team uploaded a video"
	}, {
		"imageurl": "img/ic_play_arrow.png",
		"title": "Day 5 Challenge",
		"response": "Your team uploaded a video"
	}, {
		"imageurl": "img/ic_play_arrow.png",
		"title": "Day 6 Challenge",
		"response": "Your team uploaded a video"
	}]
}, {
	"id": 3,
	"name": "Lumber Jacks",
	"score": 550,
	"teamhistory": [{
		"imageurl": "img/ic_play_arrow.png",
		"title": "Day 1 Challenge",
		"response": "Your team uploaded a video"
	}, {
		"imageurl": "img/star.png",
		"title": "Day 1 Challenge",
		"response": "Your team was awarded 200 points"
	}, {
		"imageurl": "img/ic_play_arrow.png",
		"title": "Day 2 Challenge",
		"response": "Your team uploaded a video"
	}, {
		"imageurl": "img/star.png",
		"title": "Day 2 Challenge",
		"response": "Your team was awarded 50 points"
	}, {
		"imageurl": "img/ic_play_arrow.png",
		"title": "Day 5 Challenge",
		"response": "Your team uploaded a video"
	}, {
		"imageurl": "img/star.png",
		"title": "Day 5 Challenge",
		"response": "Your team was awarded 100 points"
	}, {
		"imageurl": "img/ic_play_arrow.png",
		"title": "Day 6 Challenge",
		"response": "Your team uploaded a video"
	}, {
		"imageurl": "img/star.png",
		"title": "Day 6 Challenge",
		"response": "Your team was awarded 200 points"
	}]
}]