[{
	"orgName": "RIT_WRFC",
	"teams": [{
		"id": 0,
		"name": "Tacos"
	}, {
		"id": 1,
		"name": "LadyLifts"
	}, {
		"id": 2,
		"name": "E-Board"
	}, {
		"id": 3,
		"name": "Burritos"
	}],
	"challenge": [{
		"number": 4,
		"duedate": "Dec 21",
		"description": "Your team must do the following (and record it): 75 crunches in one sitting, 25 burpees in one set, 10 burpee-suicides in no more than two sets, 15 High Box Jumps in no more than 3 sets, and 15 jumping jacks in one set",
		"points": 250
	}]
}, {
	"orgName": "RIT_MENS_RUGBY",
	"teams": [{
		"id": 0,
		"name": "Meatheads"
	}, {
		"id": 1,
		"name": "Forwards"
	}, {
		"id": 2,
		"name": "Backs"
	}, {
		"id": 3,
		"name": "Lumber Jacks"
	}],
	"challenge": [{
		"number": 6,
		"duedate": "Dec 19",
		"description": "Your team must do the following (and record it): 40 Ski Jumps in one set, 3 minutes straight of wall sits, 35 burpees in one set, 25 pull ups each, and run 1 mile with no breaks",
		"points": 250
	}]
}]