[{
	"image": "https://d2fkddr0p2jbv6.cloudfront.net/render/standard/8548404905680083/6733-heathered_black-z1-t-burritos-and-biceps.png",
	"caption": "We're gonna win this!",
	"date": "10/30/2015",
	"team": "Burritos"
},{
	"image": "",
	"caption": "Psh we've got the muscles and the power already. TOTES winning",
	"date": "10/30/2015",
	"team": "LadyLifts"
},{
	"image": "",
	"caption": "HAPPY HALLOWEEN",
	"date": "10/31/2015",
	"team": "E-Board"
},{
	"image": "http://www.fb-dl.com/wp-content/uploads/2015/06/0bee52_d630d66a6a0547cf8356c541c02e7201.jpg",
	"caption": "Still kickin' it up in the gym despite of Halloween Candy Hangover #yess",
	"date": "11/01/2015",
	"team": "LadyLifts"
},{
	"image": "https://s-media-cache-ak0.pinimg.com/736x/e7/48/1b/e7481b0fdd4791fcf29f2c40eff71655.jpg",
	"caption": "#TACO #TACOPWR",
	"date": "11/12/2015",
	"team": "Tacos"
},{
	"image": "",
	"caption": "Friendly reminder that the challenge is up! We have yet to see anyone complete it.",
	"date": "11/12/2015",
	"team": "E-Board"
},{
	"image": "http://aubutfamily.com/wp-content/uploads/2012/03/fitness3.jpg",
	"caption": "#inspiration #TEAMTACO #tacoLove",
	"date": "11/14/2015",
	"team": "Tacos"
},{
	"image": "",
	"caption": "Yoga tomorrow at 8am in Room 344 in the gym. All are welcome to join us :3",
	"date": "11/24/2015",
	"team": "LadyLifts"
},{
	"image": "http://mikejmckay.com/OP/wp-content/uploads/2014/12/yoga.jpg",
	"caption": "Who knew that we'd turn into Yoga freaks?? Best way to stretch on our off days and relax our swole gains.",
	"date": "11/25/2015",
	"team": "LadyLifts"
},{
	"image": "http://www.muscleandfitness.com/sites/muscleandfitness.com/files/styles/full_node_image_1090x614/public/media/fit-woman-lifting-weights-1.jpg?itok=DaeJIGr9",
	"caption": "#teamBurrito reppin' it. Pun intended.",
	"date": "12/5/2015",
	"team": "Burritos"
},{
	"image": "https://img.grouponcdn.com/deal/5i8jkfUfxBUjNEMMV1rA/SX-3000x1800/v1/c700x420.jpg",
	"caption": "#tacoLove #teamTacos #spinning",
	"date": "12/9/2015",
	"team": "Tacos"
},{
	"image": "http://theinspirationroom.com/daily/print/2007/10/nike-manifesto.jpg",
	"caption": "#truth #rugby #weGotThis",
	"date": "12/9/2015",
	"team": "E-Board"
},{
	"image": "",
	"caption": "Who's ready for finals??? I know we are.",
	"date": "12/13/2015",
	"team": "LadyLifts"
},{
	"image": "",
	"caption": "Don't forget to take a break and excercise during finals!! It's important to excercise your body too :)",
	"date": "12/14/2015",
	"team": "E-Board"
}]

