[{
	"id": 0,
	"name": "Meatheads",
	"score": 500,
	"teamhistory": [{
		"imageurl": "img/ic_play_arrow.png",
		"title": "Challenge #1",
		"response": "Your team uploaded a video"
	}, {
		"imageurl": "img/star.png",
		"title": "Challenge #1",
		"response": "Your team was awarded 200 points"
	}, {
		"imageurl": "img/ic_play_arrow.png",
		"title": "Challenge #2",
		"response": "Your team uploaded a video"
	}, {
		"imageurl": "img/ic_play_arrow.png",
		"title": "Challenge #3",
		"response": "Your team uploaded a video"
	}, {
		"imageurl": "img/star.png",
		"title": "Challenge #3",
		"response": "Your team was awarded 100 points"
	}, {
		"imageurl": "img/ic_play_arrow.png",
		"title": "Challenge #4",
		"response": "Your team uploaded a video"
	}, {
		"imageurl": "img/star.png",
		"title": "Challenge #4",
		"response": "Your team was awarded 100 points"
	}, {
		"imageurl": "img/ic_play_arrow.png",
		"title": "Challenge #5",
		"response": "Your team uploaded a video"
	}, {
		"imageurl": "img/star.png",
		"title": "Challenge #5",
		"response": "Your team was awarded 100 points"
	}]
}, {
	"id": 1,
	"name": "Forwards",
	"score": 450,
	"teamhistory": [{
		"imageurl": "img/ic_play_arrow.png",
		"title": "Challenge #1",
		"response": "Your team uploaded a video"
	}, {
		"imageurl": "img/star.png",
		"title": "Challenge #1",
		"response": "Your team was awarded 200 points"
	}, {
		"imageurl": "img/ic_play_arrow.png",
		"title": "Challenge #2",
		"response": "Your team uploaded a video"
	}, {
		"imageurl": "img/star.png",
		"title": "Challenge #2",
		"response": "Your team was awarded 50 points"
	}, {
		"imageurl": "img/ic_play_arrow.png",
		"title": "Challenge #3",
		"response": "Your team uploaded a video"
	}, {
		"imageurl": "img/star.png",
		"title": "Challenge #3",
		"response": "Your team was awarded 100 points"
	}, {
		"imageurl": "img/ic_play_arrow.png",
		"title": "Challenge #5",
		"response": "Your team uploaded a video"
	}, {
		"imageurl": "img/star.png",
		"title": "Challenge #5",
		"response": "Your team was awarded 100 points"
	}]
}, {
	"id": 2,
	"name": "Backs",
	"score": 200,
	"teamhistory": [{
		"imageurl": "img/ic_play_arrow.png",
		"title": "Challenge #1",
		"response": "Your team uploaded a video"
	}, {
		"imageurl": "img/star.png",
		"title": "Challenge #1",
		"response": "Your team was awarded 200 points"
	}, {
		"imageurl": "img/ic_play_arrow.png",
		"title": "Challenge #2",
		"response": "Your team uploaded a video"
	}, {
		"imageurl": "img/ic_play_arrow.png",
		"title": "Challenge #3",
		"response": "Your team uploaded a video"
	}, {
		"imageurl": "img/ic_play_arrow.png",
		"title": "Challenge #4",
		"response": "Your team uploaded a video"
	}, {
		"imageurl": "img/ic_play_arrow.png",
		"title": "Challenge #5",
		"response": "Your team uploaded a video"
	}, {
		"imageurl": "img/ic_play_arrow.png",
		"title": "Challenge #6",
		"response": "Your team uploaded a video"
	}]
}, {
	"id": 3,
	"name": "Lumber Jacks",
	"score": 550,
	"teamhistory": [{
		"imageurl": "img/ic_play_arrow.png",
		"title": "Challenge #1",
		"response": "Your team uploaded a video"
	}, {
		"imageurl": "img/star.png",
		"title": "Challenge #1",
		"response": "Your team was awarded 200 points"
	}, {
		"imageurl": "img/ic_play_arrow.png",
		"title": "Challenge #2",
		"response": "Your team uploaded a video"
	}, {
		"imageurl": "img/star.png",
		"title": "Challenge #2",
		"response": "Your team was awarded 50 points"
	}, {
		"imageurl": "img/ic_play_arrow.png",
		"title": "Challenge #5",
		"response": "Your team uploaded a video"
	}, {
		"imageurl": "img/star.png",
		"title": "Challenge #5",
		"response": "Your team was awarded 100 points"
	}, {
		"imageurl": "img/ic_play_arrow.png",
		"title": "Challenge #6",
		"response": "Your team uploaded a video"
	}, {
		"imageurl": "img/star.png",
		"title": "Challenge #6",
		"response": "Your team was awarded 200 points"
	}]
}]